group2	day_post_inf	Family	group1	.y.	n1	n2	statistic	p	p.adj	p.adj.signif	group1_rel_abun	group2_rel_abun	diff_means	stat_diff_means
HF/HF	-15	Bacteroidaceae	Chow	rel_abund	25	15	-2.9084042670913437	0.003632783835972577	0.009081959589931443	**	0.020206975822604025	0.0051518464207119165	0.015055129401892109	0.015055129401892109
HF/HF	-3	Enterococcaceae	Chow	rel_abund	23	19	1.3280062672440427	0.18417603649949899	0.24470279371906578	ns	4.617391304347826e-5	0.037700842373713635	-0.03765466846067016	0
HF/HF	-3	Lachnospiraceae	Chow	rel_abund	23	19	-1.3309483803423074	0.1832059965167278	0.22900749564590978	ns	0.011382679315677383	0.001047682552711841	0.010334996762965542	0
HF/HF	-3	Lactobacillaceae	Chow	rel_abund	23	19	1.4998804489285822	0.13364537324915432	0.20951567206065824	ns	0.28834930561809713	0.4297398088517624	-0.14139050323366525	0
HF/HF	-3	Muribaculaceae	Chow	rel_abund	23	19	-2.2563269463950553	0.024050163021527994	0.08016721007175999	ns	0.05492647677184942	0.01518193740426304	0.03974453936758638	0
HF/HF	-3	Ruminococcaceae	Chow	rel_abund	23	19	-2.0862313366704583	0.036957672961065634	0.09239418240266409	ns	0.0016377724525726905	6.103685157923158e-4	0.0010274039367803747	0
HF/HF	-3	Staphylococcaceae	Chow	rel_abund	23	19	1.3993149503868416	0.16171855834023385	0.2310265119146198	ns	1.743915217456522e-4	5.159476211317901e-4	-3.415560993861379e-4	0
HF/HF	-3	Tannerellaceae	Chow	rel_abund	23	19	1.2466189622185426	0.21253724549287173	0.23615249499207971	ns	0.26520028426855147	0.38174391464193097	-0.1165436303733795	0
HF/HF	-8	Bacteroidaceae	Chow	rel_abund	22	18	-3.1874782215886657	0.0014351926562293706	0.007175963281146853	**	0.021455821429864897	0.004225252682119423	0.017230568747745475	0.017230568747745475
HF/HF	-8	Lactobacillaceae	Chow	rel_abund	22	18	-6.426753961073872	1.3035755414352155e-10	6.517877707176078e-10	****	0.42106539201675097	0.05089351309289081	0.37017187892386016	0.37017187892386016
HF/HF	-8	Marinifilaceae	Chow	rel_abund	22	18	1.2822454492883995	0.19975655739679754	0.24969569674599693	ns	0.0019608273754056927	0.03266923163918381	-0.03070840426377812	0
HF/HF	-8	Muribaculaceae	Chow	rel_abund	22	18	0.2683944774143905	0.7883956900103213	0.7883956900103213	ns	0.24047037861773604	0.26835857725792645	-0.027888198640190404	0
HF/HF	-8	Ruminococcaceae	Chow	rel_abund	22	18	-0.04769213793061001	0.9619615999969933	0.9972922802774783	ns	0.009211121284654648	0.008572959351900031	6.381619327546165e-4	0
HF/HF	-8	Tannerellaceae	Chow	rel_abund	22	18	5.178643536802795	2.2350507226809798e-7	1.11752536134049e-6	****	0.044859370186376896	0.14144839813620852	-0.09658902794983162	-0.09658902794983162
HF/HF	0	Enterobacteriaceae	Chow	rel_abund	24	18	-2.569405669804244	0.010187312281946493	0.016978853803244154	*	0.18085341663043922	0.056348045606067626	0.12450537102437159	0.12450537102437159
HF/HF	0	Lachnospiraceae	Chow	rel_abund	24	18	-4.1309053940500595	3.613372750185749e-5	2.2653313962399987e-4	***	0.018283963515286245	0.0037756837558144485	0.014508279759471797	0.014508279759471797
HF/HF	0	Lactobacillaceae	Chow	rel_abund	24	18	-4.026628329653024	5.658236414506233e-5	2.8291182072531166e-4	***	0.17996882553527283	0.0487636996320559	0.13120512590321692	0.13120512590321692
HF/HF	0	Marinifilaceae	Chow	rel_abund	24	18	-0.4119577762070048	0.6803703718750618	0.8504629648438272	ns	0.003280707402621433	0.003769003439061057	-4.882960364396239e-4	0
HF/HF	0	Muribaculaceae	Chow	rel_abund	24	18	-3.126775657584841	0.0017673473363306227	0.0035346946726612454	**	0.018815952029350894	0.003844460527950502	0.014971491501400392	0.014971491501400392
HF/HF	0	Ruminococcaceae	Chow	rel_abund	24	18	-2.031958355017525	0.04215787208592631	0.0639660007492788	ns	0.0027355320980445314	0.0011163385946012798	0.0016191935034432516	0
HF/HF	0	Staphylococcaceae	Chow	rel_abund	24	18	0.17254804840625404	0.8630066905969104	0.977123029631011	ns	1.3950001676225288e-4	1.0255535000872228e-4	3.6944666753530606e-5	0
HF/HF	0	Tannerellaceae	Chow	rel_abund	24	18	3.329269138196851	8.707421781331944e-4	0.004353710890665972	**	0.12367566231236764	0.35687690458836924	-0.23320124227600159	-0.23320124227600159
HF/HF	3	Bacteroidaceae	Chow	rel_abund	18	6	-1.452666431650349	0.14631639152698742	0.29263278305397483	ns	0.08189459546026621	0.03085299943951839	0.05104159602074783	0
HF/HF	3	Enterococcaceae	Chow	rel_abund	18	6	3.1606977062050694	0.0015739175055524946	0.003934793763881237	**	0.04692209875508383	0.2105910531101139	-0.16366895435503007	-0.16366895435503007
HF/HF	3	Lachnospiraceae	Chow	rel_abund	18	6	-2.539678101283585	0.011095453688770419	0.02773863422192605	*	0.29659398461378156	0.04500299316240443	0.25159099145137714	0.25159099145137714
HF/HF	3	Lactobacillaceae	Chow	rel_abund	18	6	-1.7121683784749107	0.08686564304307379	0.14477607173845633	ns	0.1587968911703734	0.040902705041689316	0.11789418612868409	0
HF/HF	3	Marinifilaceae	Chow	rel_abund	18	6	-2.8147508594064603	0.00488150618819069	0.016271687293968967	*	0.005959841118709959	9e-6	0.005950841118709959	0.005950841118709959
HF/HF	3	Muribaculaceae	Chow	rel_abund	18	6	-3.704774078909241	2.1157922472881337e-4	6.234414611723098e-4	***	0.0310219035414486	3.5e-5	0.0309869035414486	0.0309869035414486
HF/HF	3	Ruminococcaceae	Chow	rel_abund	18	6	-3.156100152449052	0.0015989394771494779	0.00799469738574739	**	0.024805133738023205	0.0030821055442626527	0.02172302819376055	0.02172302819376055
HF/HF	3	Tannerellaceae	Chow	rel_abund	18	6	2.0499403050979796	0.04037025643738918	0.06728376072898197	ns	0.10500785101780363	0.3115903497497389	-0.2065824987319353	0
HF/LF	-15	Bacteroidaceae	Chow	rel_abund	25	32	-0.8267895839487163	0.40835633483081396	0.5104454185385174	ns	0.020206975822604025	0.015492277701966433	0.004714698120637592	0
HF/LF	-15	Bacteroidaceae	HF/HF	rel_abund	15	32	2.330297977032259	0.019790407613002402	0.03298401268833734	*	0.0051518464207119165	0.015492277701966433	-0.010340431281254517	-0.010340431281254517
HF/LF	-3	Enterococcaceae	Chow	rel_abund	23	28	4.200412060902064	2.6642963776005803e-5	2.6642963776005803e-4	***	4.617391304347826e-5	0.016048469292137404	-0.016002295379093926	-0.016002295379093926
HF/LF	-3	Enterococcaceae	HF/HF	rel_abund	19	28	2.591734537717297	0.009549342560012034	0.023873356400030084	*	0.037700842373713635	0.016048469292137404	0.02165237308157623	0.02165237308157623
HF/LF	-3	Lachnospiraceae	Chow	rel_abund	23	28	3.5567660896361577	3.7544817372320353e-4	0.0012514939124106785	**	0.011382679315677383	0.06457808810693531	-0.053195408791257934	-0.053195408791257934
HF/LF	-3	Lachnospiraceae	HF/HF	rel_abund	19	28	4.755674692218812	1.9778474217833406e-6	1.9778474217833407e-5	****	0.001047682552711841	0.06457808810693531	-0.06353040555422347	-0.06353040555422347
HF/LF	-3	Lactobacillaceae	HF/HF	rel_abund	19	28	-0.24885237971787805	0.8034749721116636	0.8034749721116636	ns	0.4297398088517624	0.4852898673985069	-0.055550058546744496	0
HF/LF	-3	Lactobacillaceae	Chow	rel_abund	23	28	1.3894954097734278	0.16468215577177206	0.20951567206065824	ns	0.28834930561809713	0.4852898673985069	-0.19694056178040975	0
HF/LF	-3	Muribaculaceae	HF/HF	rel_abund	19	28	-0.29297696369890824	0.769539759788319	0.769539759788319	ns	0.01518193740426304	0.005464669186186121	0.009717268218076919	0
HF/LF	-3	Muribaculaceae	Chow	rel_abund	23	28	-2.795117583750158	0.005188084152912939	0.025940420764564695	*	0.05492647677184942	0.005464669186186121	0.0494618075856633	0.0494618075856633
HF/LF	-3	Ruminococcaceae	Chow	rel_abund	23	28	0.8510749768683831	0.3947277046801551	0.5638967209716502	ns	0.0016377724525726905	0.006824835870074189	-0.005187063417501499	0
HF/LF	-3	Ruminococcaceae	HF/HF	rel_abund	19	28	2.9817525827694107	0.0028660351786853073	0.028660351786853073	*	6.103685157923158e-4	0.006824835870074189	-0.006214467354281873	-0.006214467354281873
HF/LF	-3	Staphylococcaceae	HF/HF	rel_abund	19	28	3.4269724050087755	6.103510914685286e-4	0.0012207021829370572	**	5.159476211317901e-4	0.10229575258486036	-0.10177980496372857	-0.10177980496372857
HF/LF	-3	Staphylococcaceae	Chow	rel_abund	23	28	5.161156910207823	2.4542835497028604e-7	2.45428354970286e-6	****	1.743915217456522e-4	0.10229575258486036	-0.1021213610631147	-0.1021213610631147
HF/LF	-3	Tannerellaceae	Chow	rel_abund	23	28	-3.6970812220824727	2.180925799003033e-4	5.452314497507583e-4	***	0.26520028426855147	0.038077071312528445	0.22712321295602303	0.22712321295602303
HF/LF	-3	Tannerellaceae	HF/HF	rel_abund	19	28	-4.800565342383509	1.5821833953341736e-6	7.910916976670868e-6	****	0.38174391464193097	0.038077071312528445	0.3436668433294025	0.3436668433294025
HF/LF	-8	Bacteroidaceae	HF/HF	rel_abund	18	25	1.937128623694362	0.052729622473047966	0.10545924494609593	ns	0.004225252682119423	0.011749564492874849	-0.007524311810755426	0
HF/LF	-8	Bacteroidaceae	Chow	rel_abund	22	25	-1.4170499759610862	0.15646831652888474	0.22352616646983534	ns	0.021455821429864897	0.011749564492874849	0.009706256936990048	0
HF/LF	-8	Lactobacillaceae	Chow	rel_abund	22	25	-6.6671205637543824	2.6087079008409982e-11	2.608707900840998e-10	****	0.42106539201675097	0.08417360843519205	0.3368917835815589	0.3368917835815589
HF/LF	-8	Lactobacillaceae	HF/HF	rel_abund	18	25	0.3027400004097244	0.762088011451474	0.7857090093792541	ns	0.05089351309289081	0.08417360843519205	-0.03328009534230124	0
HF/LF	-8	Marinifilaceae	HF/HF	rel_abund	18	25	2.4285509243008643	0.015159296052712705	0.05053098684237568	ns	0.03266923163918381	0.11003201775582327	-0.07736278611663946	0
HF/LF	-8	Marinifilaceae	Chow	rel_abund	22	25	3.9621489036072868	7.427818926362704e-5	7.427818926362703e-4	***	0.0019608273754056927	0.11003201775582327	-0.10807119038041758	-0.10807119038041758
HF/LF	-8	Muribaculaceae	HF/HF	rel_abund	18	25	-5.893904829811458	3.771744547544173e-9	1.8858722737720865e-8	****	0.26835857725792645	0.08508196845443934	0.18327660880348712	0.18327660880348712
HF/LF	-8	Muribaculaceae	Chow	rel_abund	22	25	-5.940715398381966	2.837809127659087e-9	1.8858722737720865e-8	****	0.24047037861773604	0.08508196845443934	0.1553884101632967	0.1553884101632967
HF/LF	-8	Ruminococcaceae	Chow	rel_abund	22	25	3.756742932827467	1.7213916241983057e-4	9.805188852224618e-4	***	0.009211121284654648	0.01857207835494361	-0.009360957070288963	-0.009360957070288963
HF/LF	-8	Ruminococcaceae	HF/HF	rel_abund	18	25	3.6016735412955776	3.1617525220013705e-4	9.805188852224618e-4	***	0.008572959351900031	0.01857207835494361	-0.00999911900304358	-0.00999911900304358
HF/LF	-8	Tannerellaceae	HF/HF	rel_abund	18	25	-1.1069863699591354	0.2682998213464511	0.3832854590663587	ns	0.14144839813620852	0.17038036589298408	-0.028931967756775562	0
HF/LF	-8	Tannerellaceae	Chow	rel_abund	22	25	4.459706726061713	8.207187842738044e-6	2.051796960684511e-5	****	0.044859370186376896	0.17038036589298408	-0.12552099570660719	-0.12552099570660719
HF/LF	0	Enterobacteriaceae	Chow	rel_abund	24	28	-2.596927210254878	0.009406185474541263	0.016978853803244154	*	0.18085341663043922	0.06554987286842089	0.11530354376201833	0.11530354376201833
HF/LF	0	Enterobacteriaceae	HF/HF	rel_abund	18	28	0.2606824591254927	0.7943373940692372	0.8189364240489974	ns	0.056348045606067626	0.06554987286842089	-0.00920182726235326	0
HF/LF	0	Lachnospiraceae	Chow	rel_abund	24	28	-3.3170845497938495	9.096208490031071e-4	0.003032069496677024	**	0.018283963515286245	0.005726881186462948	0.012557082328823296	0.012557082328823296
HF/LF	0	Lachnospiraceae	HF/HF	rel_abund	18	28	1.2091938028338927	0.22658839801683522	0.3236977114526218	ns	0.0037756837558144485	0.005726881186462948	-0.0019511974306484995	0
HF/LF	0	Lactobacillaceae	HF/HF	rel_abund	18	28	2.526646448094065	0.011515736548237997	0.023031473096475994	*	0.0487636996320559	0.1947769324156726	-0.1460132327836167	-0.1460132327836167
HF/LF	0	Lactobacillaceae	Chow	rel_abund	24	28	-1.7693918154560961	0.07682851052806822	0.10975501504009745	ns	0.17996882553527283	0.1947769324156726	-0.014808106880399768	0
HF/LF	0	Marinifilaceae	HF/HF	rel_abund	18	28	-2.986675974759669	0.0028202847024164563	0.007050711756041141	**	0.003769003439061057	4.757133928724999e-5	0.003721432099773807	0.003721432099773807
HF/LF	0	Marinifilaceae	Chow	rel_abund	24	28	-3.705417752395762	2.11042605987732e-4	0.00105521302993866	**	0.003280707402621433	4.757133928724999e-5	0.003233136063334183	0.003233136063334183
HF/LF	0	Muribaculaceae	Chow	rel_abund	24	28	-6.0793891130279345	1.2064127632339173e-9	1.2064127632339173e-8	****	0.018815952029350894	2.0607745739172412e-4	0.01860987457195917	0.01860987457195917
HF/LF	0	Muribaculaceae	HF/HF	rel_abund	18	28	-2.37062237892497	0.01775816397071302	0.02959693995118837	*	0.003844460527950502	2.0607745739172412e-4	0.003638383070558778	0.003638383070558778
HF/LF	0	Ruminococcaceae	Chow	rel_abund	24	28	-4.732678793097143	2.215759801056017e-6	2.215759801056017e-5	****	0.0027355320980445314	2.77642450022e-4	0.0024578896480225315	0.0024578896480225315
HF/LF	0	Ruminococcaceae	HF/HF	rel_abund	18	28	-2.2605595927915427	0.02378654229997327	0.04757308459994654	*	0.0011163385946012798	2.77642450022e-4	8.386961445792799e-4	8.386961445792799e-4
HF/LF	0	Staphylococcaceae	Chow	rel_abund	24	28	4.411479753543721	1.0266655574994186e-5	1.0266655574994186e-4	***	1.3950001676225288e-4	0.09426398359001574	-0.09412448357325348	-0.09412448357325348
HF/LF	0	Staphylococcaceae	HF/HF	rel_abund	18	28	3.8838932870490632	1.0279703883392368e-4	3.4265679611307894e-4	***	1.0255535000872228e-4	0.09426398359001574	-0.09416142824000702	-0.09416142824000702
HF/LF	0	Tannerellaceae	Chow	rel_abund	24	28	-0.46721975514986314	0.6403426611059426	0.6403426611059426	ns	0.12367566231236764	0.15492693816711697	-0.031251275854749336	0
HF/LF	0	Tannerellaceae	HF/HF	rel_abund	18	28	-3.866321819838343	1.1048911989893814e-4	0.0011048911989893814	**	0.35687690458836924	0.15492693816711697	0.20194996642125226	0.20194996642125226
HF/LF	3	Bacteroidaceae	Chow	rel_abund	18	23	-2.257879834154963	0.023953152179181588	0.07984384059727197	ns	0.08189459546026621	0.03511220911713871	0.04678238634312751	0
HF/LF	3	Bacteroidaceae	HF/HF	rel_abund	6	23	-0.05617849953048543	0.9551996089975145	0.9551996089975145	ns	0.03085299943951839	0.03511220911713871	-0.004259209677620317	0
HF/LF	3	Enterococcaceae	Chow	rel_abund	18	23	5.859604430464366	4.639710380103049e-9	4.639710380103049e-8	****	0.04692209875508383	0.47474497970635204	-0.4278228809512682	-0.4278228809512682
HF/LF	3	Enterococcaceae	HF/HF	rel_abund	6	23	0.7722885195631543	0.4399435634570515	0.48882618161894614	ns	0.2105910531101139	0.47474497970635204	-0.26415392659623815	0
HF/LF	3	Lachnospiraceae	HF/HF	rel_abund	6	23	-0.8212312557591313	0.41151455624595273	0.6858575937432546	ns	0.04500299316240443	0.05252254730282274	-0.007519554140418314	0
HF/LF	3	Lachnospiraceae	Chow	rel_abund	18	23	-5.000632600555716	5.714251163699814e-7	5.714251163699815e-6	****	0.29659398461378156	0.05252254730282274	0.24407143731095882	0.24407143731095882
HF/LF	3	Lactobacillaceae	HF/HF	rel_abund	6	23	-1.9382804912835025	0.052589011191009005	0.1314725279775225	ns	0.040902705041689316	0.004784913154395078	0.036117791887294234	0
HF/LF	3	Lactobacillaceae	Chow	rel_abund	18	23	-5.388247633417665	7.114797767119639e-8	7.114797767119639e-7	****	0.1587968911703734	0.004784913154395078	0.15401197801597832	0.15401197801597832
HF/LF	3	Marinifilaceae	Chow	rel_abund	18	23	-2.9228207901071293	0.0034687610015464486	0.016271687293968967	*	0.005959841118709959	0.0015120635807320583	0.004447777537977901	0.004447777537977901
HF/LF	3	Marinifilaceae	HF/HF	rel_abund	6	23	0.8880262197638041	0.3745266475931811	0.41614071954797904	ns	9e-6	0.0015120635807320583	-0.0015030635807320584	0
HF/LF	3	Muribaculaceae	Chow	rel_abund	18	23	-5.5496259811782584	2.8628139362444122e-8	2.8628139362444123e-7	****	0.0310219035414486	3.5e-5	0.0309869035414486	0.0309869035414486
HF/LF	3	Muribaculaceae	HF/HF	rel_abund	6	23	0	1	1	ns	3.5e-5	3.5e-5	0	0
HF/LF	3	Ruminococcaceae	Chow	rel_abund	18	23	-3.2644511907155156	0.0010967635806661468	0.00799469738574739	**	0.024805133738023205	0.012725136319456997	0.012079997418566208	0.012079997418566208
HF/LF	3	Ruminococcaceae	HF/HF	rel_abund	6	23	1.0045225576422414	0.31512680390221154	0.3501408932246795	ns	0.0030821055442626527	0.012725136319456997	-0.009643030775194345	0
HF/LF	3	Tannerellaceae	HF/HF	rel_abund	6	23	-2.7495962100603366	0.005966874326874293	0.019889581089580978	*	0.3115903497497389	0.11185030233418986	0.19974004741554907	0.19974004741554907
HF/LF	3	Tannerellaceae	Chow	rel_abund	18	23	-0.9345733738834967	0.35000820617705525	0.5000117231100789	ns	0.10500785101780363	0.11185030233418986	-0.006842451316386222	0
LF/HF	-15	Bacteroidaceae	HF/HF	rel_abund	15	19	0.11394946248714537	0.9092778554911596	0.9711449538399114	ns	0.0051518464207119165	0.005092224853170091	5.962156754182532e-5	0
LF/HF	-15	Bacteroidaceae	Chow	rel_abund	25	19	-2.99165479391053	0.0027746982753876644	0.009081959589931443	**	0.020206975822604025	0.005092224853170091	0.015114750969433934	0.015114750969433934
LF/HF	-15	Bacteroidaceae	HF/LF	rel_abund	32	19	-2.3818217722875694	0.017227232930386978	0.03298401268833734	*	0.015492277701966433	0.005092224853170091	0.010400052848796342	0.010400052848796342
LF/HF	-3	Enterococcaceae	HF/LF	rel_abund	28	18	-3.0751340903020132	0.00210407933223686	0.0105203966611843	*	0.016048469292137404	1.0566771113744498e-4	0.01594280158099996	0.01594280158099996
LF/HF	-3	Enterococcaceae	Chow	rel_abund	23	18	0.8040113264924525	0.42139043367953316	0.46821159297725906	ns	4.617391304347826e-5	1.0566771113744498e-4	-5.949379809396672e-5	0
LF/HF	-3	Enterococcaceae	HF/HF	rel_abund	19	18	-0.4824409035330043	0.6294927699154538	0.6294927699154538	ns	0.037700842373713635	1.0566771113744498e-4	0.03759517466257619	0
LF/HF	-3	Lachnospiraceae	HF/HF	rel_abund	19	18	0.3829091792934488	0.7017871050488056	0.7017871050488056	ns	0.001047682552711841	0.0029729323291086502	-0.0019252497763968092	0
LF/HF	-3	Lachnospiraceae	Chow	rel_abund	23	18	-0.9109394369448993	0.36232728499000616	0.40258587221111797	ns	0.011382679315677383	0.0029729323291086502	0.008409746986568732	0
LF/HF	-3	Lachnospiraceae	HF/LF	rel_abund	28	18	-4.26198822044967	2.0261612595765508e-5	1.0130806297882754e-4	***	0.06457808810693531	0.0029729323291086502	0.061605155777826666	0.061605155777826666
LF/HF	-3	Lactobacillaceae	HF/LF	rel_abund	28	18	-3.4289993452457037	6.058109890530564e-4	0.003698975469210678	**	0.4852898673985069	0.1313680378224929	0.353921829576014	0.353921829576014
LF/HF	-3	Lactobacillaceae	Chow	rel_abund	23	18	-2.049312547997414	0.04043156244029439	0.08086312488058878	ns	0.28834930561809713	0.1313680378224929	0.15698126779560423	0
LF/HF	-3	Lactobacillaceae	HF/HF	rel_abund	19	18	-3.3743898753670316	7.397950938421356e-4	0.003698975469210678	**	0.4297398088517624	0.1313680378224929	0.2983717710292695	0.2983717710292695
LF/HF	-3	Muribaculaceae	HF/HF	rel_abund	19	18	0.3099128025231322	0.7566272668096454	0.769539759788319	ns	0.01518193740426304	0.018286789146427028	-0.0031048517421639887	0
LF/HF	-3	Muribaculaceae	HF/LF	rel_abund	28	18	0.6256602184117979	0.5315378316905994	0.6644222896132492	ns	0.005464669186186121	0.018286789146427028	-0.012822119960240907	0
LF/HF	-3	Muribaculaceae	Chow	rel_abund	23	18	-1.8988499602072655	0.05758420620244014	0.14129315091130065	ns	0.05492647677184942	0.018286789146427028	0.03663968762542239	0
LF/HF	-3	Ruminococcaceae	HF/LF	rel_abund	28	18	-2.3610193877690593	0.018224777797740815	0.06074925932580272	ns	0.006824835870074189	2.1689232787705845e-4	0.006607943542197131	0
LF/HF	-3	Ruminococcaceae	Chow	rel_abund	23	18	-1.5055232290553628	0.132189609345732	0.22031601557622002	ns	0.0016377724525726905	2.1689232787705845e-4	0.001420880124695632	0
LF/HF	-3	Ruminococcaceae	HF/HF	rel_abund	19	18	0.5259123388497713	0.5989491154604687	0.6654990171782986	ns	6.103685157923158e-4	2.1689232787705845e-4	3.9347618791525733e-4	0
LF/HF	-3	Staphylococcaceae	Chow	rel_abund	23	18	0.20989478088155528	0.8337497957549292	0.8337497957549292	ns	1.743915217456522e-4	2.5811418894300094e-4	-8.372266719734874e-5	0
LF/HF	-3	Staphylococcaceae	HF/LF	rel_abund	28	18	-4.588929414251627	4.455250349166884e-6	2.227625174583442e-5	****	0.10229575258486036	2.5811418894300094e-4	0.10203763839591735	0.10203763839591735
LF/HF	-3	Staphylococcaceae	HF/HF	rel_abund	19	18	-1.1180797961465534	0.2635329145061833	0.32941614313272916	ns	5.159476211317901e-4	2.5811418894300094e-4	2.5783343218878916e-4	0
LF/HF	-3	Tannerellaceae	HF/LF	rel_abund	28	18	6.779417697361303	1.2066121045023848e-11	1.2066121045023848e-10	****	0.038077071312528445	0.6137908859295536	-0.5757138146170251	-0.5757138146170251
LF/HF	-3	Tannerellaceae	HF/HF	rel_abund	19	18	1.888766200455134	0.058923163623973485	0.07365395452996686	ns	0.38174391464193097	0.6137908859295536	-0.23204697128762258	0
LF/HF	-3	Tannerellaceae	Chow	rel_abund	23	18	3.2022010532927943	0.0013638177473902302	0.0027276354947804605	**	0.26520028426855147	0.6137908859295536	-0.3485906016610021	-0.3485906016610021
LF/HF	-8	Bacteroidaceae	HF/LF	rel_abund	25	17	-0.528851868805987	0.596908212912542	0.6058611132190483	ns	0.011749564492874849	0.014478331317584775	-0.002728766824709926	0
LF/HF	-8	Bacteroidaceae	HF/HF	rel_abund	18	17	1.2789938022909397	0.20089923839337348	0.25112404799171684	ns	0.004225252682119423	0.014478331317584775	-0.010253078635465353	0
LF/HF	-8	Bacteroidaceae	Chow	rel_abund	22	17	-1.7976266114883017	0.07223619831486838	0.12039366385811398	ns	0.021455821429864897	0.014478331317584775	0.006977490112280122	0
LF/HF	-8	Lactobacillaceae	HF/LF	rel_abund	25	17	2.518522241837559	0.011784844019030816	0.01473105502378852	*	0.08417360843519205	0.17612549708910147	-0.09195188865390942	-0.09195188865390942
LF/HF	-8	Lactobacillaceae	HF/HF	rel_abund	18	17	2.617716482489428	0.008852031918536365	0.01473105502378852	*	0.05089351309289081	0.17612549708910147	-0.12523198399621066	-0.12523198399621066
LF/HF	-8	Lactobacillaceae	Chow	rel_abund	22	17	-3.5836777629242214	3.3879000827086923e-4	8.469750206771731e-4	***	0.42106539201675097	0.17612549708910147	0.2449398949276495	0.2449398949276495
LF/HF	-8	Marinifilaceae	HF/HF	rel_abund	18	17	0.10673446447660155	0.9149996400742959	0.9149996400742959	ns	0.03266923163918381	0.03934236629311508	-0.0066731346539312675	0
LF/HF	-8	Marinifilaceae	Chow	rel_abund	22	17	1.3737778233759417	0.16951066789456057	0.2421580969922294	ns	0.0019608273754056927	0.03934236629311508	-0.037381538917709387	0
LF/HF	-8	Marinifilaceae	HF/LF	rel_abund	25	17	-2.2732307404871928	0.02301227873416193	0.05753069683540482	ns	0.11003201775582327	0.03934236629311508	0.0706896514627082	0
LF/HF	-8	Muribaculaceae	HF/HF	rel_abund	18	17	-2.360418244846979	0.018254341424049476	0.030423902373415794	*	0.26835857725792645	0.18031825314278913	0.08804032411513732	0.08804032411513732
LF/HF	-8	Muribaculaceae	HF/LF	rel_abund	25	17	3.2562277319744357	0.0011290315556107676	0.0022580631112215353	**	0.08508196845443934	0.18031825314278913	-0.09523628468834978	-0.09523628468834978
LF/HF	-8	Muribaculaceae	Chow	rel_abund	22	17	-2.2079431009105264	0.02724823980224304	0.038926056860347204	*	0.24047037861773604	0.18031825314278913	0.060152125474946916	0.060152125474946916
LF/HF	-8	Ruminococcaceae	Chow	rel_abund	22	17	-0.05049307192068758	0.9597294701706008	0.9972922802774783	ns	0.009211121284654648	0.009250190399746394	-3.906911509174611e-5	0
LF/HF	-8	Ruminococcaceae	HF/HF	rel_abund	18	17	-0.003393629922029742	0.9972922802774783	0.9972922802774783	ns	0.008572959351900031	0.009250190399746394	-6.772310478463626e-4	0
LF/HF	-8	Ruminococcaceae	HF/LF	rel_abund	25	17	-3.5452723890187534	3.9220755408898476e-4	9.805188852224618e-4	***	0.01857207835494361	0.009250190399746394	0.009321887955197217	0.009321887955197217
LF/HF	-8	Tannerellaceae	HF/LF	rel_abund	25	17	1.639823476941771	0.10104187532222604	0.20208375064445208	ns	0.17038036589298408	0.15710120784381418	0.013279158049169903	0
LF/HF	-8	Tannerellaceae	Chow	rel_abund	22	17	5.633532983764765	1.7655473110217572e-8	1.7655473110217572e-7	****	0.044859370186376896	0.15710120784381418	-0.11224183765743728	-0.11224183765743728
LF/HF	-8	Tannerellaceae	HF/HF	rel_abund	18	17	0.5124368977507299	0.6083452729627721	0.6597038665385824	ns	0.14144839813620852	0.15710120784381418	-0.015652809707605658	0
LF/HF	0	Enterobacteriaceae	Chow	rel_abund	24	17	0.6109638983742773	0.5412234807607766	0.7249585497991273	ns	0.18085341663043922	0.2615100049364585	-0.08065658830601927	0
LF/HF	0	Enterobacteriaceae	HF/HF	rel_abund	18	17	2.9415445237952884	0.0032657989064352024	0.008164497266088006	**	0.056348045606067626	0.2615100049364585	-0.20516195933039086	-0.20516195933039086
LF/HF	0	Enterobacteriaceae	HF/LF	rel_abund	28	17	2.9793966911255345	0.0028881660259583736	0.008164497266088006	**	0.06554987286842089	0.2615100049364585	-0.19596013206803758	-0.19596013206803758
LF/HF	0	Lachnospiraceae	Chow	rel_abund	24	17	-2.162326891326928	0.030592988359264498	0.07648247089816125	ns	0.018283963515286245	0.009537050819850448	0.008746912695435797	0
LF/HF	0	Lachnospiraceae	HF/LF	rel_abund	28	17	0.7716720906489618	0.4403086647593914	0.48923184973265715	ns	0.005726881186462948	0.009537050819850448	-0.0038101696333875	0
LF/HF	0	Lachnospiraceae	HF/HF	rel_abund	18	17	1.7817112988958528	0.07479632338772639	0.14959264677545278	ns	0.0037756837558144485	0.009537050819850448	-0.0057613670640359995	0
LF/HF	0	Lactobacillaceae	HF/HF	rel_abund	18	17	-0.5770189678471289	0.5639266422186169	0.5639266422186169	ns	0.0487636996320559	0.05240132964910284	-0.003637630017046936	0
LF/HF	0	Lactobacillaceae	Chow	rel_abund	24	17	-4.576217725065081	4.734578029513822e-6	4.7345780295138224e-5	****	0.17996882553527283	0.05240132964910284	0.12756749588617	0.12756749588617
LF/HF	0	Lactobacillaceae	HF/LF	rel_abund	28	17	-3.117280432880483	0.0018252785443172012	0.006084261814390671	**	0.1947769324156726	0.05240132964910284	0.14237560276656974	0.14237560276656974
LF/HF	0	Marinifilaceae	HF/HF	rel_abund	18	17	-0.11739227193365818	0.9065492078335097	0.9863860852192115	ns	0.003769003439061057	0.006171951330543895	-0.0024029478914828384	0
LF/HF	0	Marinifilaceae	HF/LF	rel_abund	28	17	2.8054755098581685	0.005024239921299757	0.008373733202166262	**	4.757133928724999e-5	0.006171951330543895	-0.0061243799912566455	-0.0061243799912566455
LF/HF	0	Marinifilaceae	Chow	rel_abund	24	17	-0.5304461938325153	0.5958026053781336	0.8504629648438272	ns	0.003280707402621433	0.006171951330543895	-0.0028912439279224623	0
LF/HF	0	Muribaculaceae	HF/LF	rel_abund	28	17	4.224968143606271	2.3897458076361875e-5	7.965819358787292e-5	****	2.0607745739172412e-4	0.00734800905995202	-0.007141931602560296	-0.007141931602560296
LF/HF	0	Muribaculaceae	Chow	rel_abund	24	17	-1.2368345335184348	0.2161485185752613	0.24016502063917922	ns	0.018815952029350894	0.00734800905995202	0.011467942969398874	0
LF/HF	0	Muribaculaceae	HF/HF	rel_abund	18	17	1.723433227483097	0.08481021045103075	0.10601276306378844	ns	0.003844460527950502	0.00734800905995202	-0.003503548532001518	0
LF/HF	0	Ruminococcaceae	HF/LF	rel_abund	28	17	3.9890368428378014	6.634211807442306e-5	3.317105903721153e-4	***	2.77642450022e-4	0.0016136047356925356	-0.0013359622856705356	-0.0013359622856705356
LF/HF	0	Ruminococcaceae	Chow	rel_abund	24	17	-0.2839114186416912	0.7764782656128071	0.8079301042771012	ns	0.0027355320980445314	0.0016136047356925356	0.0011219273623519958	0
LF/HF	0	Ruminococcaceae	HF/HF	rel_abund	18	17	1.607256787265554	0.10799804945465391	0.1349975618183174	ns	0.0011163385946012798	0.0016136047356925356	-4.972661410912558e-4	0
LF/HF	0	Staphylococcaceae	HF/HF	rel_abund	18	17	-0.1322028490352427	0.8948238476984137	0.977123029631011	ns	1.0255535000872228e-4	0.0020216499076153604	-0.001919094557606638	0
LF/HF	0	Staphylococcaceae	Chow	rel_abund	24	17	0.028675959989051637	0.977123029631011	0.977123029631011	ns	1.3950001676225288e-4	0.0020216499076153604	-0.0018821498908531075	0
LF/HF	0	Staphylococcaceae	HF/LF	rel_abund	28	17	-3.9615896059962457	7.445243069120106e-5	3.4265679611307894e-4	***	0.09426398359001574	0.0020216499076153604	0.09224233368240038	0.09224233368240038
LF/HF	0	Tannerellaceae	Chow	rel_abund	24	17	0.8311169246733173	0.40590757952667644	0.45100842169630717	ns	0.12367566231236764	0.18542050406888416	-0.061744841756516525	0
LF/HF	0	Tannerellaceae	HF/HF	rel_abund	18	17	-2.290410793982553	0.021997514398518003	0.05328354681381434	ns	0.35687690458836924	0.18542050406888416	0.17145640051948507	0
LF/HF	0	Tannerellaceae	HF/LF	rel_abund	28	17	1.279585459417282	0.20069096638343262	0.2867013805477609	ns	0.15492693816711697	0.18542050406888416	-0.03049356590176719	0
LF/HF	3	Bacteroidaceae	HF/LF	rel_abund	23	9	-1.2630124420245536	0.20658470834055506	0.29512101191507867	ns	0.03511220911713871	0.01745922806985901	0.017652981047279696	0
LF/HF	3	Bacteroidaceae	HF/HF	rel_abund	6	9	-0.9910752203922143	0.32164885175973096	0.4020610646996637	ns	0.03085299943951839	0.01745922806985901	0.013393771369659378	0
LF/HF	3	Bacteroidaceae	Chow	rel_abund	18	9	-2.9568673185180883	0.0031078181834971234	0.02426720973469921	*	0.08189459546026621	0.01745922806985901	0.0644353673904072	0.0644353673904072
LF/HF	3	Enterococcaceae	HF/LF	rel_abund	23	9	-0.9572716213958437	0.3384301751928968	0.4279480430648638	ns	0.47474497970635204	0.2050037302406893	0.26974124946566275	0
LF/HF	3	Enterococcaceae	HF/HF	rel_abund	6	9	-0.04240520956441317	0.966175675454816	0.966175675454816	ns	0.2105910531101139	0.2050037302406893	0.0055873228694245936	0
LF/HF	3	Enterococcaceae	Chow	rel_abund	18	9	3.594914452863923	3.2449818637711485e-4	0.0016224909318855742	**	0.04692209875508383	0.2050037302406893	-0.15808163148560547	-0.15808163148560547
LF/HF	3	Lachnospiraceae	HF/HF	rel_abund	6	9	-0.21678761184243484	0.8283738667075757	0.9212313826522349	ns	0.04500299316240443	0.021285663095793203	0.023717330066611225	0
LF/HF	3	Lachnospiraceae	HF/LF	rel_abund	23	9	0.6668933841243104	0.5048402371618022	0.7212003388025745	ns	0.05252254730282274	0.021285663095793203	0.03123688420702954	0
LF/HF	3	Lachnospiraceae	Chow	rel_abund	18	9	-3.212439274305427	0.0013161296877041801	0.004387098959013934	**	0.29659398461378156	0.021285663095793203	0.27530832151798834	0.27530832151798834
LF/HF	3	Lactobacillaceae	HF/HF	rel_abund	6	9	-0.3439782356594102	0.7308626539126706	0.7308626539126706	ns	0.040902705041689316	0.018971122455706934	0.021931582585982382	0
LF/HF	3	Lactobacillaceae	Chow	rel_abund	18	9	-2.421115741143145	0.015472949917021537	0.051576499723405125	ns	0.1587968911703734	0.018971122455706934	0.13982576871466648	0
LF/HF	3	Lactobacillaceae	HF/LF	rel_abund	23	9	1.7987901535700765	0.07205188147543264	0.14410376295086527	ns	0.004784913154395078	0.018971122455706934	-0.014186209301311856	0
LF/HF	3	Marinifilaceae	HF/LF	rel_abund	23	9	-1.035369645102319	0.3004963161294654	0.41614071954797904	ns	0.0015120635807320583	9e-6	0.0015030635807320584	0
LF/HF	3	Marinifilaceae	Chow	rel_abund	18	9	-3.2501943327601004	0.0011532617127545828	0.011532617127545828	*	0.005959841118709959	9e-6	0.005950841118709959	0.005950841118709959
LF/HF	3	Marinifilaceae	HF/HF	rel_abund	6	9	0	1	1	ns	9e-6	9e-6	0	0
LF/HF	3	Muribaculaceae	Chow	rel_abund	18	9	-3.6628993076394254	2.4937658446892393e-4	6.234414611723098e-4	***	0.0310219035414486	1.0947944978584378e-4	0.030912424091662758	0.030912424091662758
LF/HF	3	Muribaculaceae	HF/HF	rel_abund	6	9	0.4763810692236582	0.6338029189402525	0.9186933991589573	ns	3.5e-5	1.0947944978584378e-4	-7.447944978584379e-5	0
LF/HF	3	Muribaculaceae	HF/LF	rel_abund	23	9	0.6385772290582269	0.5230979986188187	0.9186933991589573	ns	3.5e-5	1.0947944978584378e-4	-7.447944978584379e-5	0
LF/HF	3	Ruminococcaceae	HF/LF	rel_abund	23	9	1.4611741631600033	0.14396765156967892	0.28793530313935783	ns	0.012725136319456997	0.016634735418123738	-0.003909599098666741	0
LF/HF	3	Ruminococcaceae	Chow	rel_abund	18	9	-1.1091501659340128	0.2673654065916438	0.33420675823955476	ns	0.024805133738023205	0.016634735418123738	0.008170398319899467	0
LF/HF	3	Ruminococcaceae	HF/HF	rel_abund	6	9	1.9637577696482864	0.04955818960727944	0.12389547401819859	ns	0.0030821055442626527	0.016634735418123738	-0.013552629873861086	0
LF/HF	3	Tannerellaceae	Chow	rel_abund	18	9	2.4765972745356795	0.01326414747672027	0.033160368691800675	*	0.10500785101780363	0.2751250884164205	-0.1701172373986169	-0.1701172373986169
LF/HF	3	Tannerellaceae	HF/HF	rel_abund	6	9	0.08484165110157671	0.9323872801039029	0.9323872801039029	ns	0.3115903497497389	0.2751250884164205	0.0364652613333184	0
LF/HF	3	Tannerellaceae	HF/LF	rel_abund	23	9	3.319543930183594	9.016461716077053e-4	0.004508230858038527	**	0.11185030233418986	0.2751250884164205	-0.16327478608223067	-0.16327478608223067
LF/LF	-15	Bacteroidaceae	LF/HF	rel_abund	19	29	3.118383422450677	0.001818460649896658	0.009081959589931443	**	0.005092224853170091	0.01912815685064107	-0.014035931997470977	-0.014035931997470977
LF/LF	-15	Bacteroidaceae	Chow	rel_abund	25	29	0.03617232393867421	0.9711449538399114	0.9711449538399114	ns	0.020206975822604025	0.01912815685064107	0.0010788189719629568	0
LF/LF	-15	Bacteroidaceae	HF/HF	rel_abund	15	29	3.017711337846535	0.002546913822881481	0.009081959589931443	**	0.0051518464207119165	0.01912815685064107	-0.013976310429929152	-0.013976310429929152
LF/LF	-15	Bacteroidaceae	HF/LF	rel_abund	32	29	0.8992932557329796	0.36849647875298924	0.5104454185385174	ns	0.015492277701966433	0.01912815685064107	-0.003635879148674635	0
LF/LF	-3	Enterococcaceae	HF/LF	rel_abund	28	27	-1.293719767002733	0.19576223497525264	0.24470279371906578	ns	0.016048469292137404	0.014810434076345372	0.001238035215792032	0
LF/LF	-3	Enterococcaceae	Chow	rel_abund	23	27	2.936002686166	0.0033247144348043903	0.011082381449347967	*	4.617391304347826e-5	0.014810434076345372	-0.014764260163301894	-0.014764260163301894
LF/LF	-3	Enterococcaceae	HF/HF	rel_abund	19	27	1.4072402665583263	0.15935615521343308	0.24470279371906578	ns	0.037700842373713635	0.014810434076345372	0.022890408297368263	0
LF/LF	-3	Enterococcaceae	LF/HF	rel_abund	18	27	1.9063298271193976	0.056607426755601875	0.11321485351120375	ns	1.0566771113744498e-4	0.014810434076345372	-0.014704766365207927	0
LF/LF	-3	Lachnospiraceae	Chow	rel_abund	23	27	1.8367085305027981	0.06625293527100105	0.10756735497027962	ns	0.011382679315677383	0.03197288749206714	-0.02059020817638976	0
LF/LF	-3	Lachnospiraceae	HF/HF	rel_abund	19	27	3.1183634854892843	0.0018185836779976523	0.004546459194994131	**	0.001047682552711841	0.03197288749206714	-0.0309252049393553	-0.0309252049393553
LF/LF	-3	Lachnospiraceae	HF/LF	rel_abund	28	27	-1.7786500780981855	0.07529714847919573	0.10756735497027962	ns	0.06457808810693531	0.03197288749206714	0.03260520061486817	0
LF/LF	-3	Lachnospiraceae	LF/HF	rel_abund	18	27	2.6548311539650173	0.007934811414607824	0.015869622829215647	*	0.0029729323291086502	0.03197288749206714	-0.02899995516295849	-0.02899995516295849
LF/LF	-3	Lactobacillaceae	HF/HF	rel_abund	19	27	-2.3042559635328472	0.021208279361740565	0.05593664084147883	ns	0.4297398088517624	0.3177413909455844	0.11199841790617798	0
LF/LF	-3	Lactobacillaceae	LF/HF	rel_abund	18	27	1.3799159090473516	0.1676125376485266	0.20951567206065824	ns	0.1313680378224929	0.3177413909455844	-0.1863733531230915	0
LF/LF	-3	Lactobacillaceae	Chow	rel_abund	23	27	-0.7930026094837693	0.4277763024388232	0.4753070027098036	ns	0.28834930561809713	0.3177413909455844	-0.029392085327487272	0
LF/LF	-3	Lactobacillaceae	HF/LF	rel_abund	28	27	-2.2839468234079408	0.022374656336591532	0.05593664084147883	ns	0.4852898673985069	0.3177413909455844	0.16754847645292248	0
LF/LF	-3	Muribaculaceae	HF/HF	rel_abund	19	27	-1.4965664480238197	0.13450610589224177	0.2241768431537363	ns	0.01518193740426304	0.0030312023605633003	0.01215073504369974	0
LF/LF	-3	Muribaculaceae	LF/HF	rel_abund	18	27	-1.8077425719640392	0.07064657545565033	0.14129315091130065	ns	0.018286789146427028	0.0030312023605633003	0.015255586785863728	0
LF/LF	-3	Muribaculaceae	HF/LF	rel_abund	28	27	-1.3386285978184442	0.18069161142548046	0.2581308734649721	ns	0.005464669186186121	0.0030312023605633003	0.002433466825622821	0
LF/LF	-3	Muribaculaceae	Chow	rel_abund	23	27	-4.044514416867029	5.243168207269699e-5	5.243168207269698e-4	***	0.05492647677184942	0.0030312023605633003	0.05189527441128612	0.05189527441128612
LF/LF	-3	Ruminococcaceae	Chow	rel_abund	23	27	-1.5799164703167645	0.11412599683723054	0.22031601557622002	ns	0.0016377724525726905	0.0014930295944727342	1.4474285809995633e-4	0
LF/LF	-3	Ruminococcaceae	LF/HF	rel_abund	18	27	0.08372919921967265	0.9332717410337419	0.9332717410337419	ns	2.1689232787705845e-4	0.0014930295944727342	-0.0012761372665956758	0
LF/LF	-3	Ruminococcaceae	HF/LF	rel_abund	28	27	-2.5500357467175574	0.010771187431576257	0.053855937157881284	ns	0.006824835870074189	0.0014930295944727342	0.005331806275601455	0
LF/LF	-3	Ruminococcaceae	HF/HF	rel_abund	19	27	0.6627548904733834	0.5074875485422903	0.6343594356778628	ns	6.103685157923158e-4	0.0014930295944727342	-8.826610786804184e-4	0
LF/LF	-3	Staphylococcaceae	HF/LF	rel_abund	28	27	-0.7433075140852857	0.4572955233603856	0.5081061370670952	ns	0.10229575258486036	0.13894747775706143	-0.03665172517220107	0
LF/LF	-3	Staphylococcaceae	LF/HF	rel_abund	18	27	3.8971617481638003	9.732661929769254e-5	2.4331654824423136e-4	***	2.5811418894300094e-4	0.13894747775706143	-0.13868936356811842	-0.13868936356811842
LF/LF	-3	Staphylococcaceae	Chow	rel_abund	23	27	4.412024951938086	1.0240830794923412e-5	3.413610264974471e-5	****	1.743915217456522e-4	0.13894747775706143	-0.13877308623531578	-0.13877308623531578
LF/LF	-3	Staphylococcaceae	HF/HF	rel_abund	19	27	2.7320739229645934	0.006293701798360059	0.010489502997266765	*	5.159476211317901e-4	0.13894747775706143	-0.13843153013592963	-0.13843153013592963
LF/LF	-3	Tannerellaceae	HF/LF	rel_abund	28	27	2.9581199866270347	0.0030952161795589185	0.005158693632598198	**	0.038077071312528445	0.2791808568642301	-0.24110378555170167	-0.24110378555170167
LF/LF	-3	Tannerellaceae	LF/HF	rel_abund	18	27	-4.108725977327373	3.978477946034397e-5	1.3261593153447991e-4	***	0.6137908859295536	0.2791808568642301	0.33461002906532344	0.33461002906532344
LF/LF	-3	Tannerellaceae	HF/HF	rel_abund	19	27	-2.10052420671574	0.035682753507019146	0.05097536215288449	ns	0.38174391464193097	0.2791808568642301	0.10256305777770086	0
LF/LF	-3	Tannerellaceae	Chow	rel_abund	23	27	-0.854704970798964	0.3927144979876517	0.3927144979876517	ns	0.26520028426855147	0.2791808568642301	-0.013980572595678642	0
LF/LF	-8	Bacteroidaceae	HF/HF	rel_abund	18	26	3.791379355563455	1.4981291842308122e-4	0.0014981291842308122	**	0.004225252682119423	0.022986190590424404	-0.01876093790830498	-0.01876093790830498
LF/LF	-8	Bacteroidaceae	LF/HF	rel_abund	17	26	2.340340505582968	0.019266165517305294	0.06422055172435098	ns	0.014478331317584775	0.022986190590424404	-0.008507859272839629	0
LF/LF	-8	Bacteroidaceae	HF/LF	rel_abund	25	26	2.0124753044685666	0.04416985737282856	0.10545924494609593	ns	0.011749564492874849	0.022986190590424404	-0.011236626097549555	0
LF/LF	-8	Bacteroidaceae	Chow	rel_abund	22	26	0.5159904013616101	0.6058611132190483	0.6058611132190483	ns	0.021455821429864897	0.022986190590424404	-0.0015303691605595068	0
LF/LF	-8	Lactobacillaceae	HF/LF	rel_abund	25	26	2.5237415641166807	0.01161132546530465	0.01473105502378852	*	0.08417360843519205	0.17268590048224566	-0.08851229204705362	-0.08851229204705362
LF/LF	-8	Lactobacillaceae	LF/HF	rel_abund	17	26	-0.27188686729251355	0.7857090093792541	0.7857090093792541	ns	0.17612549708910147	0.17268590048224566	0.003439596606855805	0
LF/LF	-8	Lactobacillaceae	HF/HF	rel_abund	18	26	2.61073213837387	0.009034862968317875	0.01473105502378852	*	0.05089351309289081	0.17268590048224566	-0.12179238738935486	-0.12179238738935486
LF/LF	-8	Lactobacillaceae	Chow	rel_abund	22	26	-4.2876163119198045	1.8060069634757253e-5	6.020023211585751e-5	****	0.42106539201675097	0.17268590048224566	0.2483794915345053	0.2483794915345053
LF/LF	-8	Marinifilaceae	Chow	rel_abund	22	26	3.533301328566922	4.1040441541715164e-4	0.002052022077085758	**	0.0019608273754056927	0.07919637286768597	-0.07723554549228027	-0.07723554549228027
LF/LF	-8	Marinifilaceae	HF/LF	rel_abund	25	26	-0.48089394757786014	0.6305918745902748	0.7006576384336387	ns	0.11003201775582327	0.07919637286768597	0.03083564488813731	0
LF/LF	-8	Marinifilaceae	HF/HF	rel_abund	18	26	2.0090270013575258	0.044534270282789036	0.08906854056557807	ns	0.03266923163918381	0.07919637286768597	-0.046527141228502156	0
LF/LF	-8	Marinifilaceae	LF/HF	rel_abund	17	26	1.8592630357315305	0.0629898637310408	0.10498310621840135	ns	0.03934236629311508	0.07919637286768597	-0.03985400657457089	0
LF/LF	-8	Muribaculaceae	HF/HF	rel_abund	18	26	-4.651882354620835	3.289187204974108e-6	9.166457001474427e-6	****	0.26835857725792645	0.10857520017047981	0.15978337708744664	0.15978337708744664
LF/LF	-8	Muribaculaceae	HF/LF	rel_abund	25	26	1.4121519466253216	0.15790522607109542	0.17545025119010602	ns	0.08508196845443934	0.10857520017047981	-0.023493231716040466	0
LF/LF	-8	Muribaculaceae	Chow	rel_abund	22	26	-4.629438680126965	3.666582800589771e-6	9.166457001474427e-6	****	0.24047037861773604	0.10857520017047981	0.13189517844725623	0.13189517844725623
LF/LF	-8	Muribaculaceae	LF/HF	rel_abund	17	26	-2.013676585271213	0.044043499890252115	0.05505437486281514	ns	0.18031825314278913	0.10857520017047981	0.07174305297230932	0
LF/LF	-8	Ruminococcaceae	Chow	rel_abund	22	26	3.586445824512061	3.3521566676349054e-4	9.805188852224618e-4	***	0.009211121284654648	0.019939100282298568	-0.01072797899764392	-0.01072797899764392
LF/LF	-8	Ruminococcaceae	HF/HF	rel_abund	18	26	3.4377465778434604	5.865763889009744e-4	0.0011731527778019487	**	0.008572959351900031	0.019939100282298568	-0.011366140930398536	-0.011366140930398536
LF/LF	-8	Ruminococcaceae	HF/LF	rel_abund	25	26	-0.21156902787381732	0.8324432744988588	0.9972922802774783	ns	0.01857207835494361	0.019939100282298568	-0.0013670219273549562	0
LF/LF	-8	Ruminococcaceae	LF/HF	rel_abund	17	26	3.3831931521783756	7.16482224717434e-4	0.0011941370411957233	**	0.009250190399746394	0.019939100282298568	-0.010688909882552174	-0.010688909882552174
LF/LF	-8	Tannerellaceae	HF/LF	rel_abund	25	26	0.44032205860873935	0.6597038665385824	0.6597038665385824	ns	0.17038036589298408	0.12877024977205168	0.041610116120932406	0
LF/LF	-8	Tannerellaceae	LF/HF	rel_abund	17	26	-1.2573030685954476	0.2086439132608591	0.34773985543476515	ns	0.15710120784381418	0.12877024977205168	0.028330958071762502	0
LF/LF	-8	Tannerellaceae	HF/HF	rel_abund	18	26	-0.713757346165278	0.47537723914418456	0.5942215489302307	ns	0.14144839813620852	0.12877024977205168	0.012678148364156844	0
LF/LF	-8	Tannerellaceae	Chow	rel_abund	22	26	4.926172866732956	8.38558174193121e-7	2.79519391397707e-6	****	0.044859370186376896	0.12877024977205168	-0.08391087958567478	-0.08391087958567478
LF/LF	0	Enterobacteriaceae	HF/LF	rel_abund	28	28	-0.5534331569078641	0.5799668398393019	0.7249585497991273	ns	0.06554987286842089	0.020120757616942264	0.04542911525147862	0
LF/LF	0	Enterobacteriaceae	Chow	rel_abund	24	28	-3.1286485882759423	0.001756121947568703	0.008164497266088006	**	0.18085341663043922	0.020120757616942264	0.16073265901349695	0.16073265901349695
LF/LF	0	Enterobacteriaceae	LF/HF	rel_abund	17	28	-3.460455726809887	5.392619009524606e-4	0.005392619009524606	**	0.2615100049364585	0.020120757616942264	0.24138924731951622	0.24138924731951622
LF/LF	0	Enterobacteriaceae	HF/HF	rel_abund	18	28	-0.22891314440736105	0.8189364240489974	0.8189364240489974	ns	0.056348045606067626	0.020120757616942264	0.03622728798912536	0
LF/LF	0	Lachnospiraceae	HF/LF	rel_abund	28	28	-0.7926162087457775	0.4280014622175162	0.48923184973265715	ns	0.005726881186462948	0.006444390783119782	-7.17509596656834e-4	0
LF/LF	0	Lachnospiraceae	HF/HF	rel_abund	18	28	0.5080044970485583	0.6114501894485533	0.6114501894485533	ns	0.0037756837558144485	0.006444390783119782	-0.0026687070273053335	0
LF/LF	0	Lachnospiraceae	Chow	rel_abund	24	28	-4.078605570888543	4.5306627924799975e-5	2.2653313962399987e-4	***	0.018283963515286245	0.006444390783119782	0.011839572732166462	0.011839572732166462
LF/LF	0	Lachnospiraceae	LF/HF	rel_abund	17	28	-1.4606354899100387	0.1441155012932708	0.24019250215545135	ns	0.009537050819850448	0.006444390783119782	0.003092660036730666	0
LF/LF	0	Lactobacillaceae	LF/HF	rel_abund	17	28	2.0930443218107895	0.03634519823413494	0.060575330390224905	ns	0.05240132964910284	0.12553285450862278	-0.07313152485951994	0
LF/LF	0	Lactobacillaceae	Chow	rel_abund	24	28	-2.9014945221897017	0.0037138727252666757	0.00928468181316669	**	0.17996882553527283	0.12553285450862278	0.05443597102665004	0.05443597102665004
LF/LF	0	Lactobacillaceae	HF/LF	rel_abund	28	28	-1.1783298562554625	0.23866512957276567	0.26518347730307296	ns	0.1947769324156726	0.12553285450862278	0.06924407790704981	0
LF/LF	0	Lactobacillaceae	HF/HF	rel_abund	18	28	1.4842348940819199	0.13774661563030727	0.1721832695378841	ns	0.0487636996320559	0.12553285450862278	-0.07676915487656688	0
LF/LF	0	Marinifilaceae	HF/HF	rel_abund	18	28	-3.001771087989501	0.0026841393155192413	0.007050711756041141	**	0.003769003439061057	0.001671858028580286	0.002097145410480771	0.002097145410480771
LF/LF	0	Marinifilaceae	LF/HF	rel_abund	17	28	-2.820307425344113	0.004797766092881286	0.008373733202166262	**	0.006171951330543895	0.001671858028580286	0.00450009330196361	0.00450009330196361
LF/LF	0	Marinifilaceae	HF/LF	rel_abund	28	28	-0.017063339842893713	0.9863860852192115	0.9863860852192115	ns	4.757133928724999e-5	0.001671858028580286	-0.001624286689293036	0
LF/LF	0	Marinifilaceae	Chow	rel_abund	24	28	-3.72181167903651	1.97798521898602e-4	0.00105521302993866	**	0.003280707402621433	0.001671858028580286	0.001608849374041147	0.001608849374041147
LF/LF	0	Muribaculaceae	Chow	rel_abund	24	28	-5.583223115621707	2.3610153467718342e-8	1.1805076733859171e-7	****	0.018815952029350894	1.0642777859035685e-4	0.018709524250760536	0.018709524250760536
LF/LF	0	Muribaculaceae	LF/HF	rel_abund	17	28	-3.776076776590087	1.5931790142376744e-4	3.982947535594186e-4	***	0.00734800905995202	1.0642777859035685e-4	0.007241581281361663	0.007241581281361663
LF/LF	0	Muribaculaceae	HF/LF	rel_abund	28	28	0.5164259434458723	0.6055569499492595	0.6055569499492595	ns	2.0607745739172412e-4	1.0642777859035685e-4	9.964967880136727e-5	0
LF/LF	0	Muribaculaceae	HF/HF	rel_abund	18	28	-1.913765271060184	0.055650154830213065	0.07950022118601867	ns	0.003844460527950502	1.0642777859035685e-4	0.003738032749360145	0
LF/LF	0	Ruminococcaceae	Chow	rel_abund	24	28	-2.541629938433205	0.011033692545010045	0.036778975150033484	*	0.0027355320980445314	0.0020572891966723957	6.782429013721357e-4	6.782429013721357e-4
LF/LF	0	Ruminococcaceae	HF/HF	rel_abund	18	28	-0.24309719479357864	0.8079301042771012	0.8079301042771012	ns	0.0011163385946012798	0.0020572891966723957	-9.409506020711159e-4	0
LF/LF	0	Ruminococcaceae	HF/LF	rel_abund	28	28	2.2805159519615654	0.022577105787833205	0.04757308459994654	*	2.77642450022e-4	0.0020572891966723957	-0.0017796467466503958	-0.0017796467466503958
LF/LF	0	Ruminococcaceae	LF/HF	rel_abund	17	28	-2.006750832287022	0.04477620052449516	0.0639660007492788	ns	0.0016136047356925356	0.0020572891966723957	-4.4368446097986015e-4	0
LF/LF	0	Staphylococcaceae	HF/LF	rel_abund	28	28	-1.385524116351497	0.16589226354525755	0.2369889479217965	ns	0.09426398359001574	0.03597365732391544	0.0582903262661003	0
LF/LF	0	Staphylococcaceae	LF/HF	rel_abund	17	28	2.757254652424918	0.0058288937644005055	0.011657787528801011	*	0.0020216499076153604	0.03597365732391544	-0.033952007416300084	-0.033952007416300084
LF/LF	0	Staphylococcaceae	HF/HF	rel_abund	18	28	2.658186970961163	0.007856229480601376	0.013093715801002293	*	1.0255535000872228e-4	0.03597365732391544	-0.03587110197390672	-0.03587110197390672
LF/LF	0	Staphylococcaceae	Chow	rel_abund	24	28	3.080311240720981	0.002067843814963369	0.005169609537408423	**	1.3950001676225288e-4	0.03597365732391544	-0.03583415730715319	-0.03583415730715319
LF/LF	0	Tannerellaceae	HF/LF	rel_abund	28	28	2.793540035300809	0.005213457515638398	0.01737819171879466	*	0.15492693816711697	0.33975625737401616	-0.18482931920689918	-0.18482931920689918
LF/LF	0	Tannerellaceae	Chow	rel_abund	24	28	2.2167266954500353	0.02664177340690717	0.05328354681381434	ns	0.12367566231236764	0.33975625737401616	-0.2160805950616485	0
LF/LF	0	Tannerellaceae	LF/HF	rel_abund	17	28	1.1486349295377745	0.2507065476725619	0.31338318459070236	ns	0.18542050406888416	0.33975625737401616	-0.154335753305132	0
LF/LF	0	Tannerellaceae	HF/HF	rel_abund	18	28	-1.3950117754277132	0.1630122886564948	0.2716871477608247	ns	0.35687690458836924	0.33975625737401616	0.01712064721435308	0
LF/LF	3	Bacteroidaceae	HF/LF	rel_abund	23	21	2.072643944023799	0.03820542818792819	0.09551357046982048	ns	0.03511220911713871	0.06745518703200337	-0.032342977914864665	0
LF/LF	3	Bacteroidaceae	HF/HF	rel_abund	6	21	1.2957574467268353	0.19505906279518123	0.29512101191507867	ns	0.03085299943951839	0.06745518703200337	-0.036602187592484986	0
LF/LF	3	Bacteroidaceae	LF/HF	rel_abund	9	21	2.816603385427348	0.004853441946939842	0.02426720973469921	*	0.01745922806985901	0.06745518703200337	-0.04999595896214436	-0.04999595896214436
LF/LF	3	Bacteroidaceae	Chow	rel_abund	18	21	-0.2645462408475418	0.7913590384445738	0.8792878204939709	ns	0.08189459546026621	0.06745518703200337	0.014439408428262843	0
LF/LF	3	Enterococcaceae	HF/HF	rel_abund	6	21	-0.949515614184359	0.342358434451891	0.4279480430648638	ns	0.2105910531101139	0.1601918476320895	0.0503992054780244	0
LF/LF	3	Enterococcaceae	Chow	rel_abund	18	21	3.2702384296511284	0.0010745686994972823	0.003581895664990941	**	0.04692209875508383	0.1601918476320895	-0.11326974887700567	-0.11326974887700567
LF/LF	3	Enterococcaceae	HF/LF	rel_abund	23	21	-2.629251825891409	0.008557296623258574	0.017114593246517148	*	0.47474497970635204	0.1601918476320895	0.31455313207426255	0.31455313207426255
LF/LF	3	Enterococcaceae	LF/HF	rel_abund	9	21	-1.0471406288094716	0.2950347231665091	0.4279480430648638	ns	0.2050037302406893	0.1601918476320895	0.04481188260859981	0
LF/LF	3	Lachnospiraceae	LF/HF	rel_abund	9	21	0.17189170635582898	0.8635226669093171	0.9212313826522349	ns	0.021285663095793203	0.0660726771566864	-0.04478701406089319	0
LF/LF	3	Lachnospiraceae	HF/HF	rel_abund	6	21	-0.09888272812053195	0.9212313826522349	0.9212313826522349	ns	0.04500299316240443	0.0660726771566864	-0.021069683994281968	0
LF/LF	3	Lachnospiraceae	HF/LF	rel_abund	23	21	1.0956459003460648	0.2732337664057239	0.5464675328114478	ns	0.05252254730282274	0.0660726771566864	-0.013550129853863654	0
LF/LF	3	Lachnospiraceae	Chow	rel_abund	18	21	-3.869733639496773	1.0895432429915753e-4	5.447716214957877e-4	***	0.29659398461378156	0.0660726771566864	0.23052130745709515	0.23052130745709515
LF/LF	3	Lactobacillaceae	HF/HF	rel_abund	6	21	-1.1128299895342428	0.2657814528024952	0.332226816003119	ns	0.040902705041689316	0.012474473060793571	0.028428231980895745	0
LF/LF	3	Lactobacillaceae	Chow	rel_abund	18	21	-4.11653491420548	3.8461108907514886e-5	1.9230554453757444e-4	***	0.1587968911703734	0.012474473060793571	0.14632241810957983	0.14632241810957983
LF/LF	3	Lactobacillaceae	HF/LF	rel_abund	23	21	1.2371409296246163	0.21603476686933176	0.3086210955276168	ns	0.004784913154395078	0.012474473060793571	-0.007689559906398493	0
LF/LF	3	Lactobacillaceae	LF/HF	rel_abund	9	21	-0.8379511710011041	0.40205812785352196	0.44673125317058	ns	0.018971122455706934	0.012474473060793571	0.006496649394913363	0
LF/LF	3	Marinifilaceae	HF/LF	rel_abund	23	21	0.8980149996524955	0.36917755278057285	0.41614071954797904	ns	0.0015120635807320583	0.0015704594063579692	-5.8395825625910886e-5	0
LF/LF	3	Marinifilaceae	Chow	rel_abund	18	21	-2.0197479908478435	0.0434095343815645	0.10852383595391125	ns	0.005959841118709959	0.0015704594063579692	0.004389381712351989	0
LF/LF	3	Marinifilaceae	HF/HF	rel_abund	6	21	1.4649217323589159	0.1429422727933482	0.238237121322247	ns	9e-6	0.0015704594063579692	-0.0015614594063579693	0
LF/LF	3	Marinifilaceae	LF/HF	rel_abund	9	21	1.70208524187702	0.08873939004106368	0.17747878008212736	ns	9e-6	0.0015704594063579692	-0.0015614594063579693	0
LF/LF	3	Muribaculaceae	Chow	rel_abund	18	21	-5.121831218418866	3.025826733132598e-7	1.512913366566299e-6	****	0.0310219035414486	3.73810000009524e-5	0.030984522541447648	0.030984522541447648
LF/LF	3	Muribaculaceae	LF/HF	rel_abund	9	21	-0.3759974560126217	0.7069187872988875	0.9186933991589573	ns	1.0947944978584378e-4	3.73810000009524e-5	7.209844978489139e-5	0
LF/LF	3	Muribaculaceae	HF/LF	rel_abund	23	21	0.3355403456519651	0.7372175154325451	0.9186933991589573	ns	3.5e-5	3.73810000009524e-5	-2.3810000009524e-6	0
LF/LF	3	Muribaculaceae	HF/HF	rel_abund	6	21	0.21877662127372646	0.8268240592430616	0.9186933991589573	ns	3.5e-5	3.73810000009524e-5	-2.3810000009524e-6	0
LF/LF	3	Ruminococcaceae	Chow	rel_abund	18	21	-2.862564759411422	0.00420227375311685	0.01400757917705617	*	0.024805133738023205	0.011172284022696153	0.013632849715327052	0.013632849715327052
LF/LF	3	Ruminococcaceae	HF/HF	rel_abund	6	21	1.2277138340120854	0.21955441139592774	0.33420675823955476	ns	0.0030821055442626527	0.011172284022696153	-0.008090178478433501	0
LF/LF	3	Ruminococcaceae	LF/HF	rel_abund	9	21	-1.1713327769189363	0.24146504142722253	0.33420675823955476	ns	0.016634735418123738	0.011172284022696153	0.005462451395427585	0
LF/LF	3	Ruminococcaceae	HF/LF	rel_abund	23	21	0.3572692609118395	0.720890239726196	0.720890239726196	ns	0.012725136319456997	0.011172284022696153	0.0015528522967608437	0
LF/LF	3	Tannerellaceae	HF/LF	rel_abund	23	21	3.46360874264995	5.329811202770744e-4	0.004508230858038527	**	0.11185030233418986	0.24271165640515568	-0.13086135407096583	-0.13086135407096583
LF/LF	3	Tannerellaceae	Chow	rel_abund	18	21	2.3389544846205084	0.019337789223327555	0.03867557844665511	*	0.10500785101780363	0.24271165640515568	-0.13770380538735205	-0.13770380538735205
LF/LF	3	Tannerellaceae	HF/HF	rel_abund	6	21	-0.46458301796718754	0.6422300958081492	0.713588995342388	ns	0.3115903497497389	0.24271165640515568	0.06887869334458324	0
LF/LF	3	Tannerellaceae	LF/HF	rel_abund	9	21	-0.6520316422727501	0.5143807600438917	0.6429759500548646	ns	0.2751250884164205	0.24271165640515568	0.03241343201126484	0
